{
	"Version": 3,
	"Parameters": [
		{
			"Id": "ParamAngleX",
			"GroupId": "",
			"Name": "角度 X"
		},
		{
			"Id": "ParamAngleY",
			"GroupId": "",
			"Name": "角度 Y"
		},
		{
			"Id": "ParamAngleZ",
			"GroupId": "",
			"Name": "角度 Z"
		},
		{
			"Id": "ParamEyeLOpen",
			"GroupId": "",
			"Name": "左眼　开闭"
		},
		{
			"Id": "ParamMouseX",
			"GroupId": "",
			"Name": "MX"
		},
		{
			"Id": "ParamMouseY",
			"GroupId": "",
			"Name": "MY"
		},
		{
			"Id": "ParamMouseLeftDown",
			"GroupId": "",
			"Name": "MLD"
		},
		{
			"Id": "ParamMouseRightDown",
			"GroupId": "",
			"Name": "MRD"
		},
		{
			"Id": "CatParamLeftHandDown",
			"GroupId": "",
			"Name": "KD"
		},
		{
			"Id": "ParamEyeLSmile",
			"GroupId": "",
			"Name": "左眼　微笑"
		},
		{
			"Id": "ParamEyeROpen",
			"GroupId": "",
			"Name": "右眼"
		},
		{
			"Id": "ParamEyeRSmile",
			"GroupId": "",
			"Name": "右眼　微笑"
		},
		{
			"Id": "ParamEyeBallX",
			"GroupId": "",
			"Name": "眼球 X"
		},
		{
			"Id": "ParamEyeBallY",
			"GroupId": "",
			"Name": "眼球 Y"
		},
		{
			"Id": "ParamBrowLY",
			"GroupId": "",
			"Name": "左眉上下"
		},
		{
			"Id": "ParamBrowRY",
			"GroupId": "",
			"Name": "右眉　上下"
		},
		{
			"Id": "ParamBrowLX",
			"GroupId": "",
			"Name": "左眉　左右"
		},
		{
			"Id": "ParamBrowRX",
			"GroupId": "",
			"Name": "右眉　左右"
		},
		{
			"Id": "ParamBrowLAngle",
			"GroupId": "",
			"Name": "左眉　角度"
		},
		{
			"Id": "ParamBrowRAngle",
			"GroupId": "",
			"Name": "右眉　角度"
		},
		{
			"Id": "ParamBrowLForm",
			"GroupId": "",
			"Name": "左眉　変形"
		},
		{
			"Id": "ParamBrowRForm",
			"GroupId": "",
			"Name": "右眉　変形"
		},
		{
			"Id": "ParamMouthForm",
			"GroupId": "",
			"Name": "嘴部　变形"
		},
		{
			"Id": "ParamMouthOpenY",
			"GroupId": "",
			"Name": "嘴巴　张开和闭合"
		},
		{
			"Id": "ParamCheek",
			"GroupId": "",
			"Name": "脸颊"
		},
		{
			"Id": "ParamBodyAngleX",
			"GroupId": "",
			"Name": "身体旋转　X"
		},
		{
			"Id": "ParamBodyAngleY",
			"GroupId": "",
			"Name": "身体旋转　Y"
		},
		{
			"Id": "ParamBodyAngleZ",
			"GroupId": "",
			"Name": "身体旋转　Z"
		},
		{
			"Id": "ParamBreath",
			"GroupId": "",
			"Name": "呼吸"
		},
		{
			"Id": "Param7",
			"GroupId": "",
			"Name": "飘带"
		},
		{
			"Id": "Param5",
			"GroupId": "",
			"Name": "惊讶"
		},
		{
			"Id": "ParamHairFront",
			"GroupId": "",
			"Name": "摇动　前发"
		},
		{
			"Id": "ParamHairSide",
			"GroupId": "",
			"Name": "摇动　侧发"
		},
		{
			"Id": "Param8",
			"GroupId": "",
			"Name": "侧发1"
		},
		{
			"Id": "ParamHairBack",
			"GroupId": "",
			"Name": "摇动　后发"
		},
		{
			"Id": "Param",
			"GroupId": "",
			"Name": "LE"
		},
		{
			"Id": "Param2",
			"GroupId": "",
			"Name": "LE1"
		},
		{
			"Id": "Param3",
			"GroupId": "",
			"Name": "RE"
		},
		{
			"Id": "Param4",
			"GroupId": "",
			"Name": "RE1"
		},
		{
			"Id": "Param6",
			"GroupId": "",
			"Name": "害羞"
		}
	],
	"ParameterGroups": [],
	"Parts": []
}