{
	"Version": 3,
	"Meta": {
		"PhysicsSettingCount": 5,
		"TotalInputCount": 13,
		"TotalOutputCount": 8,
		"VertexCount": 14,
		"EffectiveForces": {
			"Gravity": {
				"X": 0,
				"Y": -1
			},
			"Wind": {
				"X": 0,
				"Y": 0
			}
		},
		"PhysicsDictionary": [
			{
				"Id": "PhysicsSetting1",
				"Name": "前发"
			},
			{
				"Id": "PhysicsSetting2",
				"Name": "侧发"
			},
			{
				"Id": "PhysicsSetting3",
				"Name": "左耳朵"
			},
			{
				"Id": "PhysicsSetting4",
				"Name": "右耳朵"
			},
			{
				"Id": "PhysicsSetting5",
				"Name": "飘带"
			}
		]
	},
	"PhysicsSettings": [
		{
			"Id": "PhysicsSetting1",
			"Input": [
				{
					"Source": {
						"Target": "Parameter",
						"Id": "ParamAngleX"
					},
					"Weight": 85,
					"Type": "X",
					"Reflect": false
				},
				{
					"Source": {
						"Target": "Parameter",
						"Id": "ParamAngleY"
					},
					"Weight": 15,
					"Type": "X",
					"Reflect": false
				}
			],
			"Output": [
				{
					"Destination": {
						"Target": "Parameter",
						"Id": "ParamHairFront"
					},
					"VertexIndex": 1,
					"Scale": 0.644,
					"Weight": 100,
					"Type": "Angle",
					"Reflect": false
				}
			],
			"Vertices": [
				{
					"Position": {
						"X": 0,
						"Y": 0
					},
					"Mobility": 1,
					"Delay": 1,
					"Acceleration": 1,
					"Radius": 0
				},
				{
					"Position": {
						"X": 0,
						"Y": 10
					},
					"Mobility": 1,
					"Delay": 1,
					"Acceleration": 1,
					"Radius": 10
				}
			],
			"Normalization": {
				"Position": {
					"Minimum": -10,
					"Default": 0,
					"Maximum": 10
				},
				"Angle": {
					"Minimum": -10,
					"Default": 0,
					"Maximum": 10
				}
			}
		},
		{
			"Id": "PhysicsSetting2",
			"Input": [
				{
					"Source": {
						"Target": "Parameter",
						"Id": "ParamAngleX"
					},
					"Weight": 80,
					"Type": "X",
					"Reflect": false
				},
				{
					"Source": {
						"Target": "Parameter",
						"Id": "ParamAngleY"
					},
					"Weight": 20,
					"Type": "X",
					"Reflect": false
				}
			],
			"Output": [
				{
					"Destination": {
						"Target": "Parameter",
						"Id": "ParamHairSide"
					},
					"VertexIndex": 2,
					"Scale": 0.747,
					"Weight": 100,
					"Type": "Angle",
					"Reflect": false
				},
				{
					"Destination": {
						"Target": "Parameter",
						"Id": "Param8"
					},
					"VertexIndex": 2,
					"Scale": 20,
					"Weight": 100,
					"Type": "Angle",
					"Reflect": false
				}
			],
			"Vertices": [
				{
					"Position": {
						"X": 0,
						"Y": 0
					},
					"Mobility": 1,
					"Delay": 1,
					"Acceleration": 1,
					"Radius": 0
				},
				{
					"Position": {
						"X": 0,
						"Y": 9.4
					},
					"Mobility": 0.95,
					"Delay": 0.82,
					"Acceleration": 0.77,
					"Radius": 9.4
				},
				{
					"Position": {
						"X": 0,
						"Y": 16.3
					},
					"Mobility": 0.9,
					"Delay": 0.94,
					"Acceleration": 0.73,
					"Radius": 6.9
				}
			],
			"Normalization": {
				"Position": {
					"Minimum": -10,
					"Default": 0,
					"Maximum": 10
				},
				"Angle": {
					"Minimum": -10,
					"Default": 0,
					"Maximum": 10
				}
			}
		},
		{
			"Id": "PhysicsSetting3",
			"Input": [
				{
					"Source": {
						"Target": "Parameter",
						"Id": "ParamAngleX"
					},
					"Weight": 60,
					"Type": "X",
					"Reflect": false
				},
				{
					"Source": {
						"Target": "Parameter",
						"Id": "ParamAngleY"
					},
					"Weight": 15,
					"Type": "X",
					"Reflect": false
				},
				{
					"Source": {
						"Target": "Parameter",
						"Id": "ParamEyeLOpen"
					},
					"Weight": 25,
					"Type": "X",
					"Reflect": false
				}
			],
			"Output": [
				{
					"Destination": {
						"Target": "Parameter",
						"Id": "Param"
					},
					"VertexIndex": 2,
					"Scale": 25,
					"Weight": 100,
					"Type": "Angle",
					"Reflect": false
				},
				{
					"Destination": {
						"Target": "Parameter",
						"Id": "Param2"
					},
					"VertexIndex": 1,
					"Scale": 40,
					"Weight": 100,
					"Type": "Angle",
					"Reflect": false
				}
			],
			"Vertices": [
				{
					"Position": {
						"X": 0,
						"Y": 0
					},
					"Mobility": 1,
					"Delay": 1,
					"Acceleration": 1,
					"Radius": 0
				},
				{
					"Position": {
						"X": 0,
						"Y": 11.3
					},
					"Mobility": 1,
					"Delay": 1,
					"Acceleration": 1.1,
					"Radius": 11.3
				},
				{
					"Position": {
						"X": 0,
						"Y": 18.3
					},
					"Mobility": 1,
					"Delay": 1.08,
					"Acceleration": 1.15,
					"Radius": 7
				}
			],
			"Normalization": {
				"Position": {
					"Minimum": -10,
					"Default": 0,
					"Maximum": 10
				},
				"Angle": {
					"Minimum": -10,
					"Default": 0,
					"Maximum": 10
				}
			}
		},
		{
			"Id": "PhysicsSetting4",
			"Input": [
				{
					"Source": {
						"Target": "Parameter",
						"Id": "ParamAngleX"
					},
					"Weight": 60,
					"Type": "X",
					"Reflect": false
				},
				{
					"Source": {
						"Target": "Parameter",
						"Id": "ParamAngleY"
					},
					"Weight": 15,
					"Type": "X",
					"Reflect": false
				},
				{
					"Source": {
						"Target": "Parameter",
						"Id": "ParamEyeROpen"
					},
					"Weight": 25,
					"Type": "X",
					"Reflect": false
				}
			],
			"Output": [
				{
					"Destination": {
						"Target": "Parameter",
						"Id": "Param3"
					},
					"VertexIndex": 2,
					"Scale": 25,
					"Weight": 100,
					"Type": "Angle",
					"Reflect": false
				},
				{
					"Destination": {
						"Target": "Parameter",
						"Id": "Param4"
					},
					"VertexIndex": 1,
					"Scale": 40,
					"Weight": 100,
					"Type": "Angle",
					"Reflect": false
				}
			],
			"Vertices": [
				{
					"Position": {
						"X": 0,
						"Y": 0
					},
					"Mobility": 1,
					"Delay": 1,
					"Acceleration": 1,
					"Radius": 0
				},
				{
					"Position": {
						"X": 0,
						"Y": 11
					},
					"Mobility": 0.95,
					"Delay": 1,
					"Acceleration": 1,
					"Radius": 11
				},
				{
					"Position": {
						"X": 0,
						"Y": 17
					},
					"Mobility": 0.95,
					"Delay": 1,
					"Acceleration": 0.87,
					"Radius": 6
				}
			],
			"Normalization": {
				"Position": {
					"Minimum": -10,
					"Default": 0,
					"Maximum": 10
				},
				"Angle": {
					"Minimum": -10,
					"Default": 0,
					"Maximum": 10
				}
			}
		},
		{
			"Id": "PhysicsSetting5",
			"Input": [
				{
					"Source": {
						"Target": "Parameter",
						"Id": "ParamAngleX"
					},
					"Weight": 5,
					"Type": "X",
					"Reflect": false
				},
				{
					"Source": {
						"Target": "Parameter",
						"Id": "ParamAngleY"
					},
					"Weight": 15,
					"Type": "X",
					"Reflect": false
				},
				{
					"Source": {
						"Target": "Parameter",
						"Id": "ParamBreath"
					},
					"Weight": 80,
					"Type": "X",
					"Reflect": false
				}
			],
			"Output": [
				{
					"Destination": {
						"Target": "Parameter",
						"Id": "Param7"
					},
					"VertexIndex": 1,
					"Scale": 45.418,
					"Weight": 100,
					"Type": "Angle",
					"Reflect": false
				}
			],
			"Vertices": [
				{
					"Position": {
						"X": 0,
						"Y": 0
					},
					"Mobility": 1,
					"Delay": 1,
					"Acceleration": 1,
					"Radius": 0
				},
				{
					"Position": {
						"X": 0,
						"Y": 10
					},
					"Mobility": 0.95,
					"Delay": 0.45,
					"Acceleration": 1,
					"Radius": 10
				},
				{
					"Position": {
						"X": 0,
						"Y": 18.4
					},
					"Mobility": 0.95,
					"Delay": 0.6,
					"Acceleration": 0.99,
					"Radius": 8.4
				}
			],
			"Normalization": {
				"Position": {
					"Minimum": -10,
					"Default": 0,
					"Maximum": 10
				},
				"Angle": {
					"Minimum": -10,
					"Default": 0,
					"Maximum": 10
				}
			}
		}
	]
}