{
	"Version": 3,
	"Meta": {
		"Duration": 2.1,
		"Fps": 30.0,
		"Loop": true,
		"AreBeziersRestricted": true,
		"CurveCount": 1,
		"TotalSegmentCount": 4,
		"TotalPointCount": 11,
		"UserDataCount": 0,
		"TotalUserDataSize": 0
	},
	"Curves": [
		{
			"Target": "Parameter",
			"Id": "Param5",
			"Segments": [
				0,
				0,
				1,
				0.044,
				0,
				0.089,
				1,
				0.133,
				1,
				1,
				0.489,
				1,
				0.844,
				1,
				1.2,
				1,
				1,
				1.3,
				1,
				1.4,
				0,
				1.5,
				0,
				0,
				2.1,
				0
			]
		}
	]
}